Date,Open,High,Low,Close,Adj Close,Volume,DAX_formula,counter
01/02/2015,180.5,180.699997,176,177.949997,117.201836,40817,9764.730469,-181
01/05/2015,177.550003,177.550003,171.949997,172.550003,113.645287,70150,9473.160156,-180
01/06/2015,173.550003,176.850006,170.699997,173.949997,114.567352,45334,9469.660156,-179
01/07/2015,175.699997,176.699997,173.600006,174.800003,115.12719,44881,9518.179688,-178
01/08/2015,177.149994,182.350006,176.050003,181.550003,119.572899,71332,9837.610352,-177
01/09/2015,180.600006,182.800003,176.350006,177.449997,116.872536,65330,9648.5,-176
01/12/2015,177.949997,179.050003,174.75,178.149994,117.333549,62249,9781.900391,-175
1/13/2015,177.699997,183.800003,177.550003,182.649994,120.297363,54672,9941,-174
1/14/2015,181.050003,183,179.100006,180.050003,118.584938,45063,9817.080078,-173
1/15/2015,182,184.149994,176.550003,183.149994,120.626686,65308,10032.61035,-172
1/16/2015,182.100006,188.449997,182,187.600006,123.557571,79451,10167.76953,-171
1/19/2015,188.5,189,185.699997,187.350006,123.392883,104864,10242.34961,-170
1/20/2015,188.949997,189.350006,187.699997,189.100006,124.545486,64093,10257.12988,-169
1/21/2015,188.75,190,185.899994,189.949997,125.105301,100586,10299.23047,-168
1/22/2015,189.949997,195.399994,189.75,194.5,128.102005,116547,10435.62012,-167
1/23/2015,195,201.050003,195,199.699997,131.526871,134259,10649.58008,-166
1/26/2015,196.199997,201.949997,193.800003,201.300003,132.580688,111907,10798.33008,-165
1/27/2015,201,201.699997,197.800003,199.149994,131.164627,84861,10628.58008,-164
1/28/2015,199.899994,201.850006,197.800003,201.850006,132.942917,86681,10710.96973,-163
1/29/2015,201,203.100006,200,202.25,133.206345,72101,10737.87012,-162
1/30/2015,203,203,196.949997,197.149994,129.847382,126135,10694.32031,-161
02/02/2015,198.350006,202.25,198.350006,202.199997,133.173431,96380,10828.00977,-160
02/03/2015,203.350006,208.850006,202.899994,206.649994,136.104294,100955,10890.9502,-159
02/04/2015,206.25,208.449997,205.600006,208.300003,137.191025,64836,10911.32031,-158
02/05/2015,206.800003,211.800003,206.600006,209.699997,138.113083,78803,10905.41016,-157
02/06/2015,209.699997,211.899994,207.550003,211.699997,139.430344,62313,10846.38965,-156
02/09/2015,209.399994,209.399994,203.899994,204.75,134.852905,71516,10663.50977,-155
02/10/2015,204.75,207.399994,201.699997,207.399994,136.598236,65731,10753.83008,-154
02/11/2015,205.5,207.800003,205.050003,207.800003,136.861725,44772,10752.11035,-153
02/12/2015,208.649994,212.100006,207.850006,212,139.627914,87890,10919.65039,-152
2/13/2015,211.699997,212.399994,208.600006,209.699997,138.113083,96213,10963.40039,-151
2/16/2015,211.449997,211.449997,208.600006,209.300003,137.84964,51255,10923.23047,-150
2/17/2015,208,209.649994,205.449997,209.100006,137.717926,65087,10895.62012,-149
2/18/2015,209.600006,213.149994,209.600006,213.050003,140.319473,79840,10961,-148
2/19/2015,213,218.649994,212,217.699997,143.382065,107207,11001.94043,-147
2/20/2015,217.149994,220.5,217.149994,218.800003,144.106552,74813,11050.63965,-146
2/23/2015,220.5,222.649994,220.5,222.149994,146.312927,67573,11130.91992,-145
2/24/2015,221.100006,222,218.5,220.399994,145.160339,47853,11205.74023,-144
2/25/2015,219.5,220.350006,216.550003,218.199997,143.71138,42961,11210.26953,-143
2/26/2015,216.5,220.350006,216.5,219.050003,144.271225,91994,11327.19043,-142
2/27/2015,220,223,208.300003,221.350006,145.786057,178252,11401.66016,-141
03/02/2015,223.699997,226.100006,222.350006,224.850006,148.091217,117677,11410.36035,-140
03/03/2015,225.5,225.550003,218.550003,219.449997,144.534668,71894,11280.36035,-139
03/04/2015,220.050003,221.100006,214.649994,220.5,145.226212,92706,11390.37988,-138
03/05/2015,222,223.399994,219.949997,223.199997,147.004486,70304,11504.00977,-137
03/06/2015,223.199997,227.899994,223.050003,227,149.507263,67152,11550.96973,-136
03/09/2015,226.399994,227.600006,223.699997,227.600006,149.902435,84165,11582.11035,-135
03/10/2015,228,228.350006,223.5,227.300003,149.704849,86237,11500.37988,-134
03/11/2015,228.449997,237.899994,228.350006,237.449997,156.389862,122126,11805.99023,-133
03/12/2015,237.5,238.199997,233.199997,235.75,155.270203,103179,11799.38965,-132
3/13/2015,238,240.699997,235.399994,240.699997,158.530396,114403,11901.61035,-131
3/16/2015,243,248.199997,242.300003,247.550003,163.041962,104586,12167.71973,-130
3/17/2015,252.100006,254.5,244.399994,247.5,163.009003,209114,11980.84961,-129
3/18/2015,249,249.949997,236.100006,239.149994,157.509521,188952,11922.76953,-128
3/19/2015,239.649994,241.550003,236.550003,239.949997,158.036407,126791,11899.40039,-127
3/20/2015,241.25,245.350006,239.100006,242.300003,159.584183,105068,12039.37012,-126
3/23/2015,240.100006,242.199997,232.600006,234,154.117615,100057,11895.83984,-125
3/24/2015,233,237.600006,228.25,237,156.093491,124573,12005.69043,-124
3/25/2015,237.449997,239.699997,234.399994,235.100006,154.842102,67403,11865.32031,-123
3/26/2015,230.100006,235.25,228.25,235.25,154.940903,106521,11843.67969,-122
3/27/2015,236.149994,239,232.550003,235.899994,155.369003,83953,11868.33008,-121
3/30/2015,236.399994,241.699997,236.300003,241.699997,159.189011,57920,12086.00977,-120
3/31/2015,241.850006,242,237.300003,240.050003,158.102295,82079,11966.16992,-119
04/01/2015,238.899994,240.850006,236.899994,238.949997,157.377792,82446,12001.37988,-118
04/02/2015,239.350006,239.5,236.25,237.800003,156.620377,43567,11967.38965,-117
04/07/2015,240.149994,240.75,236.850006,238,156.752106,45004,12123.51953,-116
04/08/2015,238.449997,239.600006,234.199997,238.350006,156.982635,74952,12035.86035,-115
04/09/2015,240,242.600006,239.149994,242,159.386581,53290,12166.44043,-114
04/10/2015,243.899994,245.300003,241.649994,244.800003,161.230743,85415,12374.73047,-113
4/13/2015,240,242.399994,239.800003,240.149994,158.168137,58472,12338.73047,-112
4/14/2015,240.449997,240.449997,236.800003,239.350006,157.641235,85803,12227.59961,-111
4/15/2015,240,240.350006,236.100006,236.550003,155.797104,88833,12231.33984,-110
4/16/2015,238.350006,238.350006,231.449997,232.75,153.294327,78935,11998.86035,-109
4/17/2015,232.699997,237.100006,227.850006,228.600006,150.56105,95285,11688.7002,-108
4/20/2015,229.649994,232.050003,226.300003,227.25,149.671921,89758,11891.91016,-107
4/21/2015,228.899994,229.899994,224.050003,225.699997,148.651047,85687,11939.58008,-106
4/22/2015,225.75,228.399994,223.550003,225.850006,148.749863,82987,11867.37012,-105
4/23/2015,227.399994,227.75,221.800003,226.100006,148.914536,100993,11723.58008,-104
4/24/2015,227.899994,231.350006,226.550003,231.199997,152.273453,105131,11810.84961,-103
4/27/2015,242,243.899994,236.5,241.5,159.057281,171660,12039.16016,-102
4/28/2015,240.399994,244,234.899994,236.449997,155.731232,132179,11811.66016,-101
4/29/2015,241,241.100006,227.5,227.899994,150.100021,104491,11432.71973,-100
4/30/2015,228,229.699997,224.300003,227.300003,149.704849,78977,11454.37988,-99
05/04/2015,229,230.050003,224.25,227.449997,149.803635,50799,11619.84961,-98
05/05/2015,227,231.899994,224.550003,225.100006,148.255875,75494,11327.67969,-97
05/06/2015,221.5,222.899994,213.050003,217.600006,146.438843,103595,11350.15039,-96
05/07/2015,215.5,222.5,215.5,220.600006,148.457779,92932,11407.96973,-95
05/08/2015,223.600006,226.050003,220.449997,225.350006,151.654404,97421,11709.73047,-94
05/11/2015,224.050003,225.600006,223.850006,225.350006,151.654404,81298,11673.34961,-93
05/12/2015,225.050003,225.199997,217.550003,218.350006,146.943588,125438,11472.41016,-92
5/13/2015,220.850006,222.350006,216.600006,218.149994,146.80899,110344,11351.45996,-91
5/14/2015,216.899994,220.949997,213.100006,220.949997,148.693298,61234,11559.82031,-90
5/15/2015,222.800003,222.850006,214,215.300003,144.891037,79419,11447.03027,-89
5/18/2015,218.149994,224,215.5,223.050003,150.106537,94301,11594.28027,-88
5/19/2015,225.949997,233,225.649994,232.75,156.634369,94059,11853.33008,-87
5/20/2015,232.199997,233.399994,229.949997,231.850006,156.028732,58772,11848.46973,-86
5/21/2015,231.449997,231.600006,226.550003,229.600006,154.514542,63230,11864.58984,-85
5/22/2015,228.199997,230,227.149994,229.550003,154.480881,43471,11815.00977,-84
5/26/2015,230.5,232.850006,224.800003,226.25,152.260071,77554,11625.12988,-83
5/27/2015,226.5,228.949997,224,228.050003,153.471436,71236,11771.12988,-82
5/28/2015,228,228.050003,222.399994,223.949997,150.71225,62976,11677.57031,-81
5/29/2015,225.399994,226,219.5,219.5,147.717499,535156,11413.82031,-80
06/01/2015,221.899994,222.350006,217.050003,219.550003,147.751129,62328,11436.04981,-79
06/02/2015,220.75,220.75,214.25,215.350006,144.924667,73355,11328.79981,-78
06/03/2015,215.699997,220.050003,214.399994,216.25,145.53035,78614,11419.62012,-77
06/04/2015,216,217.800003,212.149994,215.5,145.02562,52623,11340.59961,-76
06/05/2015,215.399994,215.449997,211.75,213.300003,143.54509,56617,11197.15039,-75
06/08/2015,213,214.449997,208.800003,209.800003,141.189667,82653,11064.91992,-74
06/09/2015,209.75,210.600006,205.050003,208.550003,140.348465,103894,11001.29004,-73
06/10/2015,209.5,215.350006,207.25,214.850006,144.588181,93300,11265.38965,-72
06/11/2015,213.100006,217.449997,213.100006,215.300003,144.891037,62037,11332.78027,-71
06/12/2015,214.350006,217,209.449997,212.199997,142.804794,63149,11196.49023,-70
6/15/2015,209.199997,209.899994,205.300003,207.649994,139.742767,64987,10984.96973,-69
6/16/2015,207,208.850006,204.149994,208.149994,140.079254,55667,11044.00977,-68
6/17/2015,209.449997,209.649994,204.300003,206.199997,138.766968,68477,10978.00977,-67
6/18/2015,205.350006,206.350006,201.399994,205.75,138.464127,105481,11100.29981,-66
6/19/2015,208,209.699997,205.399994,206.350006,138.867905,75399,11040.09961,-65
6/22/2015,211.850006,215.850006,211.300003,215.449997,144.991943,79045,11460.5,-64
6/23/2015,216.949997,219.899994,215.949997,218.350006,146.943588,80142,11542.54004,-63
6/24/2015,218.449997,218.5,213.100006,215.75,145.193848,63984,11471.25977,-62
6/25/2015,213.050003,217.850006,212.5,215.949997,145.328461,43098,11473.12988,-61
6/26/2015,216.5,218.699997,214.050003,217.350006,146.270615,49485,11492.42969,-60
6/29/2015,207.550003,213.399994,203.850006,209.399994,140.920486,102072,11083.2002,-59
6/30/2015,208.850006,211.550003,205.850006,207.550003,139.675476,96141,10944.96973,-58
07/01/2015,210.300003,216.300003,208.699997,214.649994,144.453568,101590,11180.5,-57
07/02/2015,216.199997,216.199997,210.850006,211.449997,142.300079,54403,11099.34961,-56
07/03/2015,212.75,212.75,209.600006,210.800003,141.86264,32396,11058.38965,-55
07/06/2015,207.399994,210.100006,206.75,208.25,140.146545,48412,10890.62988,-54
07/07/2015,208.550003,209.149994,202.399994,202.949997,136.579803,85174,10676.78027,-53
07/08/2015,202.550003,202.949997,197.199997,197.5,132.912109,128999,10747.29981,-52
07/09/2015,199.75,205,199.600006,203.449997,136.91629,69038,10996.41016,-51
07/10/2015,209.25,209.25,201.949997,203.399994,136.882645,110529,11315.62988,-50
7/13/2015,205.899994,209.399994,204,205.75,138.464127,83854,11484.37988,-49
7/14/2015,204.899994,204.899994,198.5,201.5,135.604004,101647,11516.90039,-48
7/15/2015,200.699997,200.699997,197.399994,199.149994,134.022507,96378,11539.66016,-47
7/16/2015,201.399994,205.25,198.300003,203.149994,136.714417,99861,11716.75977,-46
7/17/2015,204.699997,204.699997,201.850006,202.699997,136.41156,81615,11673.41992,-45
7/20/2015,202.899994,203,199,201,135.267487,85080,11735.71973,-44
7/21/2015,201.100006,202.25,197.850006,198.899994,133.854263,66716,11604.79981,-43
7/22/2015,198.25,198.25,194.5,196.100006,131.969925,78723,11520.66992,-42
7/23/2015,199.350006,199.800003,196.399994,198.5,133.585068,93636,11512.11035,-41
7/24/2015,197.699997,197.699997,189.5,189.550003,127.561974,95679,11347.4502,-40
7/27/2015,189.449997,190.350006,185.100006,185.449997,124.802803,91387,11056.40039,-39
7/28/2015,186.5,190.600006,186.350006,190.600006,128.268585,124001,11173.91016,-38
7/29/2015,193.350006,193.399994,183.800003,185.899994,125.105629,214847,11211.84961,-37
7/30/2015,186.649994,186.649994,183.899994,185.550003,124.870094,73617,11257.15039,-36
7/31/2015,185.399994,185.949997,182.550003,184.050003,123.860619,98376,11308.99023,-35
08/03/2015,184.350006,185.75,180.850006,185.75,125.004677,87754,11443.71973,-34
08/04/2015,185.899994,186.949997,183.850006,186,125.172935,82003,11456.07031,-33
08/05/2015,187.899994,192.899994,187.149994,192.399994,129.479919,125852,11636.29981,-32
08/06/2015,192,194.25,189.5,190,127.864815,78001,11585.09961,-31
08/07/2015,190.050003,192.649994,188.350006,191.550003,128.907928,76083,11490.83008,-30
08/10/2015,193.399994,194.149994,190.050003,194.149994,130.657654,62537,11604.78027,-29
08/11/2015,192.649994,192.649994,184.949997,186.199997,125.307518,155718,11293.65039,-28
08/12/2015,183.850006,183.899994,177.649994,177.75,119.620895,195069,10924.61035,-27
8/13/2015,181.5,182.899994,179.5,180.449997,121.437904,102951,11014.62988,-26
8/14/2015,180.199997,182.5,179.050003,180,121.135063,54081,10985.13965,-25
8/17/2015,181.949997,182.699997,177,178.050003,119.822792,72027,10940.33008,-24
8/18/2015,177.75,178.5,175.199997,175.199997,117.9048,81964,10915.91992,-23
8/19/2015,174.75,175.399994,171,171,115.078339,120451,10682.15039,-22
8/20/2015,169.5,172.75,168.050003,168.050003,113.093056,137011,10432.19043,-21
8/21/2015,165.649994,169.350006,165,165,111.040482,129134,10124.51953,-20
8/24/2015,159.850006,163.300003,152.550003,158.550003,106.699829,321454,9648.429688,-19
8/25/2015,160.550003,169.649994,159.100006,167.800003,112.92482,201703,10128.12012,-18
8/26/2015,166.050003,168.399994,162.800003,165.949997,111.67981,128375,9997.429688,-17
8/27/2015,170.850006,172.449997,169.199997,171.149994,115.179276,126388,10315.62012,-16
8/28/2015,172,172.050003,168.300003,170.5,114.741829,59978,10298.53027,-15
8/31/2015,169.949997,169.949997,165.649994,166.699997,112.184555,80455,10259.45996,-14
09/01/2015,164.850006,164.949997,160.850006,161.949997,108.98793,88884,10015.57031,-13
09/02/2015,162,163.100006,159.5,159.5,107.339119,110567,10048.04981,-12
09/03/2015,160.850006,165.449997,160.850006,164.399994,110.636696,72682,10317.83984,-11
09/04/2015,162,163,159.600006,159.949997,107.641991,100289,10038.04004,-10
09/07/2015,162.149994,162.649994,161.050003,161.149994,108.449562,23893,10108.61035,-9
09/08/2015,163.199997,166.600006,163.199997,165.399994,111.309669,60491,10271.36035,-8
09/09/2015,169.449997,172.149994,169.199997,169.600006,114.136177,106074,10303.12012,-7
09/10/2015,167,169.649994,165.899994,166.899994,112.319122,75514,10210.44043,-6
09/11/2015,167.399994,167.399994,165.149994,166.25,111.881699,39165,10123.55957,-5
9/14/2015,166.199997,168.300003,163.899994,165.5,111.376984,31878,10131.74023,-4
9/15/2015,166.850006,168,165.350006,166.850006,112.285492,41889,10188.12988,-3
9/16/2015,168.449997,169.399994,166.25,167.5,112.722931,58404,10227.20996,-2
9/17/2015,168.199997,169.050003,167,167.399994,112.655609,60618,10229.58008,-1
9/18/2015,167.399994,167.399994,160.199997,161.350006,108.584145,112750,9916.160156,0
9/21/2015,140.949997,143.649994,126.699997,133.699997,89.976433,1496789,9948.509766,1
9/22/2015,132.649994,132.649994,105,111.199997,74.834557,3058738,9570.660156,2
9/23/2015,111.550003,123.599998,102.199997,118.900002,80.016449,2381323,9612.620117,3
9/24/2015,124,125.599998,117,118.900002,80.016449,1542875,9427.639648,4
9/25/2015,123,123.5,112.400002,115.550003,77.761993,880779,9688.530273,5
9/28/2015,114.199997,114.5,105,107.099998,72.075378,865427,9483.549805,6
9/29/2015,105,108.599998,102,103.300003,69.518082,513701,9450.400391,7
9/30/2015,108.300003,109.5,104,104.949997,70.628479,416515,9660.44043,8
10/01/2015,108.650002,110.199997,102.75,105.050003,70.695778,477764,9509.25,9
10/02/2015,105.849998,106.300003,100,101.150002,68.07119,588727,9553.070313,10
10/05/2015,101.349998,104.25,95,102.800003,69.181587,754773,9814.790039,11
10/06/2015,103.5,107.550003,99.199997,106.900002,71.940773,422398,9902.830078,12
10/07/2015,109.050003,117.699997,108.900002,114.900002,77.324562,777374,9970.400391,13
10/08/2015,116,121.199997,114.349998,116.199997,78.199417,718094,9993.070313,14
10/09/2015,118.5,133.75,115.800003,125.900002,84.727264,1540333,10096.59961,15
10/12/2015,129.300003,135,127.349998,132.449997,89.135231,873447,10119.83008,16
10/13/2015,133.649994,137.699997,125.349998,130.600006,87.890236,697957,10032.82031,17
10/14/2015,128.199997,135.600006,125.150002,128.600006,86.544289,586262,9915.849609,18
10/15/2015,130.699997,134.25,122.949997,123.800003,83.314026,366474,10064.79981,19
10/16/2015,125,125.199997,119,121.199997,81.564293,376013,10104.42969,20
10/19/2015,119.199997,121.5,116.650002,118.599998,79.814552,184634,10164.30957,21
10/20/2015,118,118.650002,115.300003,116.25,78.23307,169602,10147.67969,22
10/21/2015,117.5,119.949997,116.550003,119.949997,80.723068,144825,10238.09961,23
10/22/2015,121.900002,124.5,120,123.900002,83.38131,163884,10491.96973,24
10/23/2015,126,126.300003,121.849998,121.849998,82.001717,297384,10794.54004,25
10/26/2015,123.099998,125.400002,122.5,125,84.121597,127997,10801.33984,26
10/27/2015,125.849998,126.449997,121.650002,121.800003,81.968086,146572,10692.19043,27
10/28/2015,124,125.599998,120.099998,124.050003,83.482269,120174,10831.95996,28
10/29/2015,125.75,125.900002,123.5,125.400002,84.390778,162434,10800.83984,29
10/30/2015,126,126.449997,124.300003,126.099998,84.861855,109445,10850.13965,30
11/02/2015,126.300003,127.5,124.050003,126.75,85.299278,166285,10950.66992,31
11/03/2015,122.75,124.5,122,124.099998,83.515907,189196,10951.15039,32
11/04/2015,116.800003,119.949997,114.849998,117.150002,78.838745,428246,10845.24023,33
11/05/2015,117.5,121.050003,115.449997,120.099998,80.824013,353465,10887.74023,34
11/06/2015,121.449997,123.150002,120.25,121.900002,82.03537,201406,10988.03027,35
11/09/2015,122,123.5,119.849998,120.099998,80.824013,158148,10815.4502,36
11/10/2015,120.800003,120.800003,117.699997,119.75,80.58847,119026,10832.51953,37
11/11/2015,120.400002,121.25,117.099998,118.150002,79.511719,88432,10907.87012,38
11/12/2015,118.949997,118.949997,115.099998,117.199997,78.872398,148744,10782.62988,39
11/13/2015,116.650002,120.400002,116.400002,118.449997,79.713608,132245,10708.40039,40
11/16/2015,119.75,121.300003,116.449997,116.800003,78.603218,128892,10713.23047,41
11/17/2015,117.949997,118.300003,116.400002,117,78.737801,132337,10971.04004,42
11/18/2015,117.050003,120.599998,116.75,120,80.756721,104740,10959.9502,43
11/19/2015,121.75,125.900002,121.25,125.300003,84.323471,190867,11085.44043,44
11/20/2015,125.099998,125.449997,122.550003,123.900002,83.38131,167973,11119.83008,45
11/23/2015,120.300003,124.650002,120.300003,124.650002,83.886032,129848,11092.30957,46
11/24/2015,125,129.800003,124.5,127.150002,85.568474,359133,10933.99023,47
11/25/2015,129,130.699997,125.050003,130.449997,87.789284,306819,11169.54004,48
11/26/2015,134.899994,137.850006,133.300003,134.550003,90.548485,278321,11320.76953,49
11/27/2015,135,135.25,131.449997,134.25,90.346581,147845,11293.75977,50
11/30/2015,135,141.300003,132.75,141.300003,95.091042,377482,11382.23047,51
12/01/2015,142.800003,146.5,139.5,139.649994,93.980629,401846,11261.24023,52
12/02/2015,140.149994,140.800003,133.5,137.850006,92.769272,240243,11190.01953,53
12/03/2015,137.850006,142.350006,136.75,136.75,92.028999,229427,10789.24023,54
12/04/2015,137.399994,139.75,136.399994,137.300003,92.399147,184766,10752.09961,55
12/07/2015,138.850006,138.850006,135.75,136.050003,91.55793,111041,10886.08984,56
12/08/2015,136.600006,137.300003,130.649994,132.5,89.168869,187728,10673.59961,57
12/09/2015,133.800003,141.850006,131.300003,140.399994,94.485359,323912,10592.49023,58
12/10/2015,142.800003,143.75,137,139.600006,93.946983,291470,10598.92969,59
12/11/2015,140.949997,141.600006,137,137.600006,92.601044,206879,10340.05957,60
12/14/2015,138.350006,138.949997,131.550003,131.699997,88.630493,175701,10139.33984,61
12/15/2015,134.350006,137.399994,132.75,134.300003,90.380226,151706,10450.37988,62
12/16/2015,135.25,136.300003,132.449997,134.899994,90.784004,115120,10469.25977,63
12/17/2015,138.399994,140.300003,138,139.149994,93.644157,184872,10738.12012,64
12/18/2015,139.5,140.800003,137.75,140.199997,94.350769,232874,10608.19043,65
12/21/2015,140.199997,141.800003,139.050003,139.050003,93.576851,200623,10497.76953,66
12/22/2015,141.300003,141.949997,139.399994,141,94.889153,111834,10488.75,67
12/23/2015,141.5,143.600006,140.850006,143.199997,96.36969,185698,10727.63965,68
12/25/2015,143.199997,143.199997,143.199997,143.199997,96.36969,0,null,69
12/28/2015,144,144.649994,142.25,142.600006,95.965897,107059,10653.91016,70
12/29/2015,143.5,144.75,142.350006,143.949997,96.874405,69590,10860.13965,71
12/30/2015,144.199997,144.199997,142.300003,142.300003,95.764015,37775,10743.00977,72